"id","calling_code","capital_city","code_2","code_3","continent_id","currency_id","flag","name"
"ad","376","Andorra la Vella","ad","and","eu","eur","🇦🇩","Andorra"
"ae","971","Abu Dhabi","ae","are","as","aed","🇦🇪","Spojené arabské emiráty"
"af","93","Kabul","af","afg","as","afn","🇦🇫","Afghánistán"
"ag","1268","St. John's","ag","atg","na","xcd","🇦🇬","Antigua a Barbuda"
"ai","1264","The Valley","ai","aia","na","xcd","🇦🇮","Anguilla"
"al","355","Tirana","al","alb","eu","all","🇦🇱","Albánie"
"am","374","Yerevan","am","arm","as","amd","🇦🇲","Arménie"
"ao","244","Luanda","ao","ago","af","aoa","🇦🇴","Angola"
"aq","672","","aq","ata","an","","🇦🇶","Antarktida"
"ar","54","Buenos Aires","ar","arg","sa","ars","🇦🇷","Argentina"
"as","1684","Pago Pago","as","asm","oc","usd","🇦🇸","Americká Samoa"
"at","43","Vienna","at","aut","eu","eur","🇦🇹","Rakousko"
"au","61","Canberra","au","aus","oc","aud","🇦🇺","Austrálie"
"aw","297","Oranjestad","aw","abw","na","awg","🇦🇼","Aruba"
"ax","358","Mariehamn","ax","ala","eu","eur","🇦🇽","Ålandy"
"az","994","Baku","az","aze","as","azn","🇦🇿","Ázerbájdžán"
"ba","387","Sarajevo","ba","bih","eu","bam","🇧🇦","Bosna a Hercegovina"
"bb","1246","Bridgetown","bb","brb","na","bbd","🇧🇧","Barbados"
"bd","880","Dhaka","bd","bgd","as","bdt","🇧🇩","Bangladéš"
"be","32","Brussels","be","bel","eu","eur","🇧🇪","Belgie"
"bf","226","Ouagadougou","bf","bfa","af","xof","🇧🇫","Burkina Faso"
"bg","359","Sofia","bg","bgr","eu","bgn","🇧🇬","Bulharsko"
"bh","973","Manama","bh","bhr","as","bhd","🇧🇭","Bahrajn"
"bi","257","Bujumbura","bi","bdi","af","bif","🇧🇮","Burundi"
"bj","229","Porto-Novo","bj","ben","af","xof","🇧🇯","Benin"
"bl","590","Gustavia","bl","blm","na","eur","🇧🇱","Svatý Bartoloměj"
"bm","1441","Hamilton","bm","bmu","na","bmd","🇧🇲","Bermudy"
"bn","673","Bandar Seri Begawan","bn","brn","as","bnd","🇧🇳","Brunej"
"bo","591","Sucre","bo","bol","sa","bob","🇧🇴","Bolívie"
"bq","599","","bq","bes","na","usd","🇧🇶","Karibské Nizozemsko"
"br","55","Brasilia","br","bra","sa","brl","🇧🇷","Brazílie"
"bs","1242","Nassau","bs","bhs","na","bsd","🇧🇸","Bahamy"
"bt","975","Thimphu","bt","btn","as","btn","🇧🇹","Bhútán"
"bv","55","","bv","bvt","an","nok","🇧🇻","Bouvetův ostrov"
"bw","267","Gaborone","bw","bwa","af","bwp","🇧🇼","Botswana"
"by","375","Minsk","by","blr","eu","byr","🇧🇾","Bělorusko"
"bz","501","Belmopan","bz","blz","na","bzd","🇧🇿","Belize"
"ca","1","Ottawa","ca","can","na","cad","🇨🇦","Kanada"
"cc","61","West Island","cc","cck","as","aud","🇨🇨","Kokosové ostrovy"
"cd","243","Kinshasa","cd","cod","af","cdf","🇨🇩","Kongo – Kinshasa"
"cf","236","Bangui","cf","caf","af","xaf","🇨🇫","Středoafrická republika"
"cg","242","Brazzaville","cg","cog","af","xaf","🇨🇬","Kongo – Brazzaville"
"ch","41","Berne","ch","che","eu","chf","🇨🇭","Švýcarsko"
"ci","225","Yamoussoukro","ci","civ","af","xof","🇨🇮","Pobřeží slonoviny"
"ck","682","Avarua","ck","cok","oc","nzd","🇨🇰","Cookovy ostrovy"
"cl","56","Santiago","cl","chl","sa","clp","🇨🇱","Chile"
"cm","237","Yaounde","cm","cmr","af","xaf","🇨🇲","Kamerun"
"cn","86","Beijing","cn","chn","as","cny","🇨🇳","Čína"
"co","57","Bogota","co","col","sa","cop","🇨🇴","Kolumbie"
"cr","506","San Jose","cr","cri","na","crc","🇨🇷","Kostarika"
"cu","53","Havana","cu","cub","na","cup","🇨🇺","Kuba"
"cv","238","Praia","cv","cpv","af","cve","🇨🇻","Kapverdy"
"cw","599"," Willemstad","cw","cuw","na","ang","🇨🇼","Curaçao"
"cx","61","Flying Fish Cove","cx","cxr","as","aud","🇨🇽","Vánoční ostrov"
"cy","357","Nicosia","cy","cyp","eu","eur","🇨🇾","Kypr"
"cz","420","Prague","cz","cze","eu","czk","🇨🇿","Česko"
"de","49","Berlin","de","deu","eu","eur","🇩🇪","Německo"
"dj","253","Djibouti","dj","dji","af","djf","🇩🇯","Džibutsko"
"dk","45","Copenhagen","dk","dnk","eu","dkk","🇩🇰","Dánsko"
"dm","1767","Roseau","dm","dma","na","xcd","🇩🇲","Dominika"
"do","1809","Santo Domingo","do","dom","na","dop","🇩🇴","Dominikánská republika"
"dz","213","Algiers","dz","dza","af","dzd","🇩🇿","Alžírsko"
"ec","593","Quito","ec","ecu","sa","usd","🇪🇨","Ekvádor"
"ee","372","Tallinn","ee","est","eu","eur","🇪🇪","Estonsko"
"eg","20","Cairo","eg","egy","af","egp","🇪🇬","Egypt"
"eh","212","El-Aaiun","eh","esh","af","mad","🇪🇭","Západní Sahara"
"er","291","Asmara","er","eri","af","ern","🇪🇷","Eritrea"
"es","34","Madrid","es","esp","eu","eur","🇪🇸","Španělsko"
"et","251","Addis Ababa","et","eth","af","etb","🇪🇹","Etiopie"
"fi","358","Helsinki","fi","fin","eu","eur","🇫🇮","Finsko"
"fj","679","Suva","fj","fji","oc","fjd","🇫🇯","Fidži"
"fk","500","Stanley","fk","flk","sa","fkp","🇫🇰","Falklandské ostrovy"
"fm","691","Palikir","fm","fsm","oc","usd","🇫🇲","Mikronésie"
"fo","298","Torshavn","fo","fro","eu","dkk","🇫🇴","Faerské ostrovy"
"fr","33","Paris","fr","fra","eu","eur","🇫🇷","Francie"
"ga","241","Libreville","ga","gab","af","xaf","🇬🇦","Gabon"
"gb","44","London","gb","gbr","eu","gbp","🇬🇧","Spojené království"
"gd","1473","St. George's","gd","grd","na","xcd","🇬🇩","Grenada"
"ge","995","Tbilisi","ge","geo","as","gel","🇬🇪","Gruzie"
"gf","594","Cayenne","gf","guf","sa","eur","🇬🇫","Francouzská Guyana"
"gg","44","St Peter Port","gg","ggy","eu","gbp","🇬🇬","Guernsey"
"gh","233","Accra","gh","gha","af","ghs","🇬🇭","Ghana"
"gi","350","Gibraltar","gi","gib","eu","gip","🇬🇮","Gibraltar"
"gl","299","Nuuk","gl","grl","na","dkk","🇬🇱","Grónsko"
"gm","220","Banjul","gm","gmb","af","gmd","🇬🇲","Gambie"
"gn","224","Conakry","gn","gin","af","gnf","🇬🇳","Guinea"
"gp","590","Basse-Terre","gp","glp","na","eur","🇬🇵","Guadeloupe"
"gq","240","Malabo","gq","gnq","af","xaf","🇬🇶","Rovníková Guinea"
"gr","30","Athens","gr","grc","eu","eur","🇬🇷","Řecko"
"gs","500","Grytviken","gs","sgs","an","gbp","🇬🇸","Jižní Georgie a Jižní Sandwichovy ostrovy"
"gt","502","Guatemala City","gt","gtm","na","gtq","🇬🇹","Guatemala"
"gu","1671","Hagatna","gu","gum","oc","usd","🇬🇺","Guam"
"gw","245","Bissau","gw","gnb","af","xof","🇬🇼","Guinea-Bissau"
"gy","592","Georgetown","gy","guy","sa","gyd","🇬🇾","Guyana"
"hk","852","Hong Kong","hk","hkg","as","hkd","🇭🇰","Hongkong – ZAO Číny"
"hn","504","Tegucigalpa","hn","hnd","na","hnl","🇭🇳","Honduras"
"hr","385","Zagreb","hr","hrv","eu","hrk","🇭🇷","Chorvatsko"
"ht","509","Port-au-Prince","ht","hti","na","htg","🇭🇹","Haiti"
"hu","36","Budapest","hu","hun","eu","huf","🇭🇺","Maďarsko"
"id","62","Jakarta","id","idn","as","idr","🇮🇩","Indonésie"
"ie","353","Dublin","ie","irl","eu","eur","🇮🇪","Irsko"
"il","972","Jerusalem","il","isr","as","ils","🇮🇱","Izrael"
"im","44","Douglas, Isle of Man","im","imn","eu","gbp","🇮🇲","Ostrov Man"
"in","91","New Delhi","in","ind","as","inr","🇮🇳","Indie"
"io","246","Diego Garcia","io","iot","as","usd","🇮🇴","Britské indickooceánské území"
"iq","964","Baghdad","iq","irq","as","iqd","🇮🇶","Irák"
"ir","98","Tehran","ir","irn","as","irr","🇮🇷","Írán"
"is","354","Reykjavik","is","isl","eu","isk","🇮🇸","Island"
"it","39","Rome","it","ita","eu","eur","🇮🇹","Itálie"
"je","44","Saint Helier","je","jey","eu","gbp","🇯🇪","Jersey"
"jm","1876","Kingston","jm","jam","na","jmd","🇯🇲","Jamajka"
"jo","962","Amman","jo","jor","as","jod","🇯🇴","Jordánsko"
"jp","81","Tokyo","jp","jpn","as","jpy","🇯🇵","Japonsko"
"ke","254","Nairobi","ke","ken","af","kes","🇰🇪","Keňa"
"kg","996","Bishkek","kg","kgz","as","kgs","🇰🇬","Kyrgyzstán"
"kh","855","Phnom Penh","kh","khm","as","khr","🇰🇭","Kambodža"
"ki","686","Tarawa","ki","kir","oc","aud","🇰🇮","Kiribati"
"km","269","Moroni","km","com","af","kmf","🇰🇲","Komory"
"kn","1869","Basseterre","kn","kna","na","xcd","🇰🇳","Svatý Kryštof a Nevis"
"kp","850","Pyongyang","kp","prk","as","kpw","🇰🇵","Severní Korea"
"kr","82","Seoul","kr","kor","as","krw","🇰🇷","Jižní Korea"
"kw","965","Kuwait City","kw","kwt","as","kwd","🇰🇼","Kuvajt"
"ky","1345","George Town","ky","cym","na","kyd","🇰🇾","Kajmanské ostrovy"
"kz","7","Astana","kz","kaz","as","kzt","🇰🇿","Kazachstán"
"la","856","Vientiane","la","lao","as","lak","🇱🇦","Laos"
"lb","961","Beirut","lb","lbn","as","lbp","🇱🇧","Libanon"
"lc","1758","Castries","lc","lca","na","xcd","🇱🇨","Svatá Lucie"
"li","423","Vaduz","li","lie","eu","chf","🇱🇮","Lichtenštejnsko"
"lk","94","Colombo","lk","lka","as","lkr","🇱🇰","Srí Lanka"
"lr","231","Monrovia","lr","lbr","af","lrd","🇱🇷","Libérie"
"ls","266","Maseru","ls","lso","af","lsl","🇱🇸","Lesotho"
"lt","370","Vilnius","lt","ltu","eu","ltl","🇱🇹","Litva"
"lu","352","Luxembourg","lu","lux","eu","eur","🇱🇺","Lucembursko"
"lv","371","Riga","lv","lva","eu","eur","🇱🇻","Lotyšsko"
"ly","218","Tripolis","ly","lby","af","lyd","🇱🇾","Libye"
"ma","212","Rabat","ma","mar","af","mad","🇲🇦","Maroko"
"mc","377","Monaco","mc","mco","eu","eur","🇲🇨","Monako"
"md","373","Chisinau","md","mda","eu","mdl","🇲🇩","Moldavsko"
"me","382","Podgorica","me","mne","eu","eur","🇲🇪","Černá Hora"
"mf","590","Marigot","mf","maf","na","eur","🇲🇫","Svatý Martin (Francie)"
"mg","261","Antananarivo","mg","mdg","af","mga","🇲🇬","Madagaskar"
"mh","692","Majuro","mh","mhl","oc","usd","🇲🇭","Marshallovy ostrovy"
"mk","389","Skopje","mk","mkd","eu","mkd","🇲🇰","Severní Makedonie"
"ml","223","Bamako","ml","mli","af","xof","🇲🇱","Mali"
"mm","95","Nay Pyi Taw","mm","mmr","as","mmk","🇲🇲","Myanmar (Barma)"
"mn","976","Ulan Bator","mn","mng","as","mnt","🇲🇳","Mongolsko"
"mo","853","Macao","mo","mac","as","mop","🇲🇴","Macao – ZAO Číny"
"mp","1670","Saipan","mp","mnp","oc","usd","🇲🇵","Severní Mariany"
"mq","596","Fort-de-France","mq","mtq","na","eur","🇲🇶","Martinik"
"mr","222","Nouakchott","mr","mrt","af","mro","🇲🇷","Mauritánie"
"ms","1664","Plymouth","ms","msr","na","xcd","🇲🇸","Montserrat"
"mt","356","Valletta","mt","mlt","eu","eur","🇲🇹","Malta"
"mu","230","Port Louis","mu","mus","af","mur","🇲🇺","Mauricius"
"mv","960","Male","mv","mdv","as","mvr","🇲🇻","Maledivy"
"mw","265","Lilongwe","mw","mwi","af","mwk","🇲🇼","Malawi"
"mx","52","Mexico City","mx","mex","na","mxn","🇲🇽","Mexiko"
"my","60","Kuala Lumpur","my","mys","as","myr","🇲🇾","Malajsie"
"mz","258","Maputo","mz","moz","af","mzn","🇲🇿","Mosambik"
"na","264","Windhoek","na","nam","af","nad","🇳🇦","Namibie"
"nc","687","Noumea","nc","ncl","oc","xpf","🇳🇨","Nová Kaledonie"
"ne","227","Niamey","ne","ner","af","xof","🇳🇪","Niger"
"nf","672","Kingston","nf","nfk","oc","aud","🇳🇫","Norfolk"
"ng","234","Abuja","ng","nga","af","ngn","🇳🇬","Nigérie"
"ni","505","Managua","ni","nic","na","nio","🇳🇮","Nikaragua"
"nl","31","Amsterdam","nl","nld","eu","eur","🇳🇱","Nizozemsko"
"no","47","Oslo","no","nor","eu","nok","🇳🇴","Norsko"
"np","977","Kathmandu","np","npl","as","npr","🇳🇵","Nepál"
"nr","674","Yaren","nr","nru","oc","aud","🇳🇷","Nauru"
"nu","683","Alofi","nu","niu","oc","nzd","🇳🇺","Niue"
"nz","64","Wellington","nz","nzl","oc","nzd","🇳🇿","Nový Zéland"
"om","968","Muscat","om","omn","as","omr","🇴🇲","Omán"
"pa","507","Panama City","pa","pan","na","pab","🇵🇦","Panama"
"pe","51","Lima","pe","per","sa","pen","🇵🇪","Peru"
"pf","689","Papeete","pf","pyf","oc","xpf","🇵🇫","Francouzská Polynésie"
"pg","675","Port Moresby","pg","png","oc","pgk","🇵🇬","Papua-Nová Guinea"
"ph","63","Manila","ph","phl","as","php","🇵🇭","Filipíny"
"pk","92","Islamabad","pk","pak","as","pkr","🇵🇰","Pákistán"
"pl","48","Warsaw","pl","pol","eu","pln","🇵🇱","Polsko"
"pm","508","Saint-Pierre","pm","spm","na","eur","🇵🇲","Saint-Pierre a Miquelon"
"pn","870","Adamstown","pn","pcn","oc","nzd","🇵🇳","Pitcairnovy ostrovy"
"pr","1787","San Juan","pr","pri","na","usd","🇵🇷","Portoriko"
"ps","970","East Jerusalem","ps","pse","as","ils","🇵🇸","Palestinská území"
"pt","351","Lisbon","pt","prt","eu","eur","🇵🇹","Portugalsko"
"pw","680","Melekeok","pw","plw","oc","usd","🇵🇼","Palau"
"py","595","Asuncion","py","pry","sa","pyg","🇵🇾","Paraguay"
"qa","974","Doha","qa","qat","as","qar","🇶🇦","Katar"
"re","262","Saint-Denis","re","reu","af","eur","🇷🇪","Réunion"
"ro","40","Bucharest","ro","rou","eu","ron","🇷🇴","Rumunsko"
"rs","381","Belgrade","rs","srb","eu","rsd","🇷🇸","Srbsko"
"ru","7","Moscow","ru","rus","eu","rub","🇷🇺","Rusko"
"rw","250","Kigali","rw","rwa","af","rwf","🇷🇼","Rwanda"
"sa","966","Riyadh","sa","sau","as","sar","🇸🇦","Saúdská Arábie"
"sb","677","Honiara","sb","slb","oc","sbd","🇸🇧","Šalamounovy ostrovy"
"sc","248","Victoria","sc","syc","af","scr","🇸🇨","Seychely"
"sd","249","Khartoum","sd","sdn","af","sdg","🇸🇩","Súdán"
"se","46","Stockholm","se","swe","eu","sek","🇸🇪","Švédsko"
"sg","65","Singapur","sg","sgp","as","sgd","🇸🇬","Singapur"
"sh","290","Jamestown","sh","shn","af","shp","🇸🇭","Svatá Helena"
"si","386","Ljubljana","si","svn","eu","eur","🇸🇮","Slovinsko"
"sj","47","Longyearbyen","sj","sjm","eu","nok","🇸🇯","Špicberky a Jan Mayen"
"sk","421","Bratislava","sk","svk","eu","eur","🇸🇰","Slovensko"
"sl","232","Freetown","sl","sle","af","sll","🇸🇱","Sierra Leone"
"sm","378","San Marino","sm","smr","eu","eur","🇸🇲","San Marino"
"sn","221","Dakar","sn","sen","af","xof","🇸🇳","Senegal"
"so","252","Mogadishu","so","som","af","sos","🇸🇴","Somálsko"
"sr","597","Paramaribo","sr","sur","sa","srd","🇸🇷","Surinam"
"ss","211","Juba","ss","ssd","af","ssp","🇸🇸","Jižní Súdán"
"st","239","Sao Tome","st","stp","af","std","🇸🇹","Svatý Tomáš a Princův ostrov"
"sv","503","San Salvador","sv","slv","na","usd","🇸🇻","Salvador"
"sx","599","Philipsburg","sx","sxm","na","ang","🇸🇽","Svatý Martin (Nizozemsko)"
"sy","963","Damascus","sy","syr","as","syp","🇸🇾","Sýrie"
"sz","268","Mbabane","sz","swz","af","szl","🇸🇿","Svazijsko"
"tc","1649","Cockburn Town","tc","tca","na","usd","🇹🇨","Turks a Caicos"
"td","235","N'Djamena","td","tcd","af","xaf","🇹🇩","Čad"
"tf","","Port-aux-Francais","tf","atf","an","eur","🇹🇫","Francouzská jižní území"
"tg","228","Lome","tg","tgo","af","xof","🇹🇬","Togo"
"th","66","Bangkok","th","tha","as","thb","🇹🇭","Thajsko"
"tj","992","Dushanbe","tj","tjk","as","tjs","🇹🇯","Tádžikistán"
"tk","690","","tk","tkl","oc","nzd","🇹🇰","Tokelau"
"tl","670","Dili","tl","tls","oc","usd","🇹🇱","Východní Timor"
"tm","993","Ashgabat","tm","tkm","as","tmt","🇹🇲","Turkmenistán"
"tn","216","Tunis","tn","tun","af","tnd","🇹🇳","Tunisko"
"to","676","Nuku'alofa","to","ton","oc","top","🇹🇴","Tonga"
"tr","90","Ankara","tr","tur","as","try","🇹🇷","Turecko"
"tt","1868","Port of Spain","tt","tto","na","ttd","🇹🇹","Trinidad a Tobago"
"tv","688","Funafuti","tv","tuv","oc","aud","🇹🇻","Tuvalu"
"tw","886","Taipei","tw","twn","as","twd","🇹🇼","Tchaj-wan"
"tz","255","Dodoma","tz","tza","af","tzs","🇹🇿","Tanzanie"
"ua","380","Kiev","ua","ukr","eu","uah","🇺🇦","Ukrajina"
"ug","256","Kampala","ug","uga","af","ugx","🇺🇬","Uganda"
"um","246","","um","umi","oc","usd","🇺🇲","Menší odlehlé ostrovy USA"
"us","1","Washington","us","usa","na","usd","🇺🇸","Spojené státy"
"uy","598","Montevideo","uy","ury","sa","uyu","🇺🇾","Uruguay"
"uz","998","Tashkent","uz","uzb","as","uzs","🇺🇿","Uzbekistán"
"va","379","Vatican City","va","vat","eu","eur","🇻🇦","Vatikán"
"vc","1784","Kingstown","vc","vct","na","xcd","🇻🇨","Svatý Vincenc a Grenadiny"
"ve","58","Caracas","ve","ven","sa","vef","🇻🇪","Venezuela"
"vg","1284","Road Town","vg","vgb","na","usd","🇻🇬","Britské Panenské ostrovy"
"vi","1340","Charlotte Amalie","vi","vir","na","usd","🇻🇮","Americké Panenské ostrovy"
"vn","84","Hanoi","vn","vnm","as","vnd","🇻🇳","Vietnam"
"vu","678","Port Vila","vu","vut","oc","vuv","🇻🇺","Vanuatu"
"wf","681","Mata Utu","wf","wlf","oc","xpf","🇼🇫","Wallis a Futuna"
"ws","685","Apia","ws","wsm","oc","wst","🇼🇸","Samoa"
"xk","383","Pristina","xk","xkx","eu","eur","🇽🇰","Kosovo"
"ye","967","Sanaa","ye","yem","as","yer","🇾🇪","Jemen"
"yt","262","Mamoudzou","yt","myt","af","eur","🇾🇹","Mayotte"
"za","27","Pretoria","za","zaf","af","zar","🇿🇦","Jihoafrická republika"
"zm","260","Lusaka","zm","zmb","af","zmk","🇿🇲","Zambie"
"zw","263","Harare","zw","zwe","af","zwl","🇿🇼","Zimbabwe"
