"id","calling_code","capital_city","code_2","code_3","continent_id","currency_id","flag","name"
"ad","376","Andorra la Vella","ad","and","eu","eur","🇦🇩","Andorra"
"ae","971","Abu Dhabi","ae","are","as","aed","🇦🇪","Os Emiratos Árabes Unidos"
"af","93","Kabul","af","afg","as","afn","🇦🇫","Afganistán"
"ag","1268","St. John's","ag","atg","na","xcd","🇦🇬","Antigua e Barbuda"
"ai","1264","The Valley","ai","aia","na","xcd","🇦🇮","Anguila"
"al","355","Tirana","al","alb","eu","all","🇦🇱","Albania"
"am","374","Yerevan","am","arm","as","amd","🇦🇲","Armenia"
"ao","244","Luanda","ao","ago","af","aoa","🇦🇴","Angola"
"aq","672","","aq","ata","an","","🇦🇶","A Antártida"
"ar","54","Buenos Aires","ar","arg","sa","ars","🇦🇷","A Arxentina"
"as","1684","Pago Pago","as","asm","oc","usd","🇦🇸","Samoa Americana"
"at","43","Vienna","at","aut","eu","eur","🇦🇹","Austria"
"au","61","Canberra","au","aus","oc","aud","🇦🇺","Australia"
"aw","297","Oranjestad","aw","abw","na","awg","🇦🇼","Aruba"
"ax","358","Mariehamn","ax","ala","eu","eur","🇦🇽","Illas Åland"
"az","994","Baku","az","aze","as","azn","🇦🇿","Acerbaixán"
"ba","387","Sarajevo","ba","bih","eu","bam","🇧🇦","Bosnia e Hercegovina"
"bb","1246","Bridgetown","bb","brb","na","bbd","🇧🇧","Barbados"
"bd","880","Dhaka","bd","bgd","as","bdt","🇧🇩","Bangladesh"
"be","32","Brussels","be","bel","eu","eur","🇧🇪","Bélxica"
"bf","226","Ouagadougou","bf","bfa","af","xof","🇧🇫","Burkina Faso"
"bg","359","Sofia","bg","bgr","eu","bgn","🇧🇬","Bulgaria"
"bh","973","Manama","bh","bhr","as","bhd","🇧🇭","Bahrain"
"bi","257","Bujumbura","bi","bdi","af","bif","🇧🇮","Burundi"
"bj","229","Porto-Novo","bj","ben","af","xof","🇧🇯","Benín"
"bl","590","Gustavia","bl","blm","na","eur","🇧🇱","Saint Barthélemy"
"bm","1441","Hamilton","bm","bmu","na","bmd","🇧🇲","Illas Bermudas"
"bn","673","Bandar Seri Begawan","bn","brn","as","bnd","🇧🇳","Brunei"
"bo","591","Sucre","bo","bol","sa","bob","🇧🇴","Bolivia"
"bq","599","","bq","bes","na","usd","🇧🇶","Caribe Neerlandés"
"br","55","Brasilia","br","bra","sa","brl","🇧🇷","O Brasil"
"bs","1242","Nassau","bs","bhs","na","bsd","🇧🇸","Bahamas"
"bt","975","Thimphu","bt","btn","as","btn","🇧🇹","Bután"
"bv","55","","bv","bvt","an","nok","🇧🇻","Illa Bouvet"
"bw","267","Gaborone","bw","bwa","af","bwp","🇧🇼","Botswana"
"by","375","Minsk","by","blr","eu","byr","🇧🇾","Belarús"
"bz","501","Belmopan","bz","blz","na","bzd","🇧🇿","Belize"
"ca","1","Ottawa","ca","can","na","cad","🇨🇦","O Canadá"
"cc","61","West Island","cc","cck","as","aud","🇨🇨","Illas Cocos (Keeling)"
"cd","243","Kinshasa","cd","cod","af","cdf","🇨🇩","República Democrática do Congo"
"cf","236","Bangui","cf","caf","af","xaf","🇨🇫","República Centroafricana"
"cg","242","Brazzaville","cg","cog","af","xaf","🇨🇬","República do Congo"
"ch","41","Berne","ch","che","eu","chf","🇨🇭","Suíza"
"ci","225","Yamoussoukro","ci","civ","af","xof","🇨🇮","Côte d’Ivoire"
"ck","682","Avarua","ck","cok","oc","nzd","🇨🇰","Illas Cook"
"cl","56","Santiago","cl","chl","sa","clp","🇨🇱","Chile"
"cm","237","Yaounde","cm","cmr","af","xaf","🇨🇲","Camerún"
"cn","86","Beijing","cn","chn","as","cny","🇨🇳","A China"
"co","57","Bogota","co","col","sa","cop","🇨🇴","Colombia"
"cr","506","San Jose","cr","cri","na","crc","🇨🇷","Costa Rica"
"cu","53","Havana","cu","cub","na","cup","🇨🇺","Cuba"
"cv","238","Praia","cv","cpv","af","cve","🇨🇻","Cabo Verde"
"cw","599"," Willemstad","cw","cuw","na","ang","🇨🇼","Curaçao"
"cx","61","Flying Fish Cove","cx","cxr","as","aud","🇨🇽","Illa Christmas"
"cy","357","Nicosia","cy","cyp","eu","eur","🇨🇾","Chipre"
"cz","420","Prague","cz","cze","eu","czk","🇨🇿","Chequia"
"de","49","Berlin","de","deu","eu","eur","🇩🇪","Alemaña"
"dj","253","Djibouti","dj","dji","af","djf","🇩🇯","Djibuti"
"dk","45","Copenhagen","dk","dnk","eu","dkk","🇩🇰","Dinamarca"
"dm","1767","Roseau","dm","dma","na","xcd","🇩🇲","Dominica"
"do","1809","Santo Domingo","do","dom","na","dop","🇩🇴","República Dominicana"
"dz","213","Algiers","dz","dza","af","dzd","🇩🇿","Alxeria"
"ec","593","Quito","ec","ecu","sa","usd","🇪🇨","Ecuador"
"ee","372","Tallinn","ee","est","eu","eur","🇪🇪","Estonia"
"eg","20","Cairo","eg","egy","af","egp","🇪🇬","Exipto"
"eh","212","El-Aaiun","eh","esh","af","mad","🇪🇭","O Sáhara Occidental"
"er","291","Asmara","er","eri","af","ern","🇪🇷","Eritrea"
"es","34","Madrid","es","esp","eu","eur","🇪🇸","España"
"et","251","Addis Ababa","et","eth","af","etb","🇪🇹","Etiopía"
"fi","358","Helsinki","fi","fin","eu","eur","🇫🇮","Finlandia"
"fj","679","Suva","fj","fji","oc","fjd","🇫🇯","Fixi"
"fk","500","Stanley","fk","flk","sa","fkp","🇫🇰","Illas Malvinas"
"fm","691","Palikir","fm","fsm","oc","usd","🇫🇲","Micronesia"
"fo","298","Torshavn","fo","fro","eu","dkk","🇫🇴","Illas Feroe"
"fr","33","Paris","fr","fra","eu","eur","🇫🇷","Francia"
"ga","241","Libreville","ga","gab","af","xaf","🇬🇦","Gabón"
"gb","44","London","gb","gbr","eu","gbp","🇬🇧","O Reino Unido"
"gd","1473","St. George's","gd","grd","na","xcd","🇬🇩","Granada"
"ge","995","Tbilisi","ge","geo","as","gel","🇬🇪","Xeorxia"
"gf","594","Cayenne","gf","guf","sa","eur","🇬🇫","Güiana Francesa"
"gg","44","St Peter Port","gg","ggy","eu","gbp","🇬🇬","Guernsey"
"gh","233","Accra","gh","gha","af","ghs","🇬🇭","Ghana"
"gi","350","Gibraltar","gi","gib","eu","gip","🇬🇮","Xibraltar"
"gl","299","Nuuk","gl","grl","na","dkk","🇬🇱","Groenlandia"
"gm","220","Banjul","gm","gmb","af","gmd","🇬🇲","Gambia"
"gn","224","Conakry","gn","gin","af","gnf","🇬🇳","Guinea"
"gp","590","Basse-Terre","gp","glp","na","eur","🇬🇵","Guadalupe"
"gq","240","Malabo","gq","gnq","af","xaf","🇬🇶","Guinea Ecuatorial"
"gr","30","Athens","gr","grc","eu","eur","🇬🇷","Grecia"
"gs","500","Grytviken","gs","sgs","an","gbp","🇬🇸","Illas Xeorxia do Sur e Sandwich do Sur"
"gt","502","Guatemala City","gt","gtm","na","gtq","🇬🇹","Guatemala"
"gu","1671","Hagatna","gu","gum","oc","usd","🇬🇺","Guam"
"gw","245","Bissau","gw","gnb","af","xof","🇬🇼","A Guinea Bissau"
"gy","592","Georgetown","gy","guy","sa","gyd","🇬🇾","Güiana"
"hk","852","Hong Kong","hk","hkg","as","hkd","🇭🇰","Hong Kong RAE da China"
"hn","504","Tegucigalpa","hn","hnd","na","hnl","🇭🇳","Honduras"
"hr","385","Zagreb","hr","hrv","eu","hrk","🇭🇷","Croacia"
"ht","509","Port-au-Prince","ht","hti","na","htg","🇭🇹","Haití"
"hu","36","Budapest","hu","hun","eu","huf","🇭🇺","Hungría"
"id","62","Jakarta","id","idn","as","idr","🇮🇩","Indonesia"
"ie","353","Dublin","ie","irl","eu","eur","🇮🇪","Irlanda"
"il","972","Jerusalem","il","isr","as","ils","🇮🇱","Israel"
"im","44","Douglas, Isle of Man","im","imn","eu","gbp","🇮🇲","Illa de Man"
"in","91","New Delhi","in","ind","as","inr","🇮🇳","A India"
"io","246","Diego Garcia","io","iot","as","usd","🇮🇴","Territorio Británico do Océano Índico"
"iq","964","Baghdad","iq","irq","as","iqd","🇮🇶","Iraq"
"ir","98","Tehran","ir","irn","as","irr","🇮🇷","Irán"
"is","354","Reykjavik","is","isl","eu","isk","🇮🇸","Islandia"
"it","39","Rome","it","ita","eu","eur","🇮🇹","Italia"
"je","44","Saint Helier","je","jey","eu","gbp","🇯🇪","Jersey"
"jm","1876","Kingston","jm","jam","na","jmd","🇯🇲","Xamaica"
"jo","962","Amman","jo","jor","as","jod","🇯🇴","Xordania"
"jp","81","Tokyo","jp","jpn","as","jpy","🇯🇵","O Xapón"
"ke","254","Nairobi","ke","ken","af","kes","🇰🇪","Kenya"
"kg","996","Bishkek","kg","kgz","as","kgs","🇰🇬","Kirguizistán"
"kh","855","Phnom Penh","kh","khm","as","khr","🇰🇭","Camboxa"
"ki","686","Tarawa","ki","kir","oc","aud","🇰🇮","Kiribati"
"km","269","Moroni","km","com","af","kmf","🇰🇲","Comores"
"kn","1869","Basseterre","kn","kna","na","xcd","🇰🇳","Saint Kitts e Nevis"
"kp","850","Pyongyang","kp","prk","as","kpw","🇰🇵","Corea do Norte"
"kr","82","Seoul","kr","kor","as","krw","🇰🇷","Corea do Sur"
"kw","965","Kuwait City","kw","kwt","as","kwd","🇰🇼","Kuwait"
"ky","1345","George Town","ky","cym","na","kyd","🇰🇾","Illas Caimán"
"kz","7","Astana","kz","kaz","as","kzt","🇰🇿","Kazakistán"
"la","856","Vientiane","la","lao","as","lak","🇱🇦","Laos"
"lb","961","Beirut","lb","lbn","as","lbp","🇱🇧","O Líbano"
"lc","1758","Castries","lc","lca","na","xcd","🇱🇨","Santa Lucía"
"li","423","Vaduz","li","lie","eu","chf","🇱🇮","Liechtenstein"
"lk","94","Colombo","lk","lka","as","lkr","🇱🇰","Sri Lanka"
"lr","231","Monrovia","lr","lbr","af","lrd","🇱🇷","Liberia"
"ls","266","Maseru","ls","lso","af","lsl","🇱🇸","Lesotho"
"lt","370","Vilnius","lt","ltu","eu","ltl","🇱🇹","Lituania"
"lu","352","Luxembourg","lu","lux","eu","eur","🇱🇺","Luxemburgo"
"lv","371","Riga","lv","lva","eu","eur","🇱🇻","Letonia"
"ly","218","Tripolis","ly","lby","af","lyd","🇱🇾","Libia"
"ma","212","Rabat","ma","mar","af","mad","🇲🇦","Marrocos"
"mc","377","Monaco","mc","mco","eu","eur","🇲🇨","Mónaco"
"md","373","Chisinau","md","mda","eu","mdl","🇲🇩","Moldavia"
"me","382","Podgorica","me","mne","eu","eur","🇲🇪","Montenegro"
"mf","590","Marigot","mf","maf","na","eur","🇲🇫","Saint Martin"
"mg","261","Antananarivo","mg","mdg","af","mga","🇲🇬","Madagascar"
"mh","692","Majuro","mh","mhl","oc","usd","🇲🇭","Illas Marshall"
"mk","389","Skopje","mk","mkd","eu","mkd","🇲🇰","Macedonia do Norte"
"ml","223","Bamako","ml","mli","af","xof","🇲🇱","Malí"
"mm","95","Nay Pyi Taw","mm","mmr","as","mmk","🇲🇲","Myanmar (Birmania)"
"mn","976","Ulan Bator","mn","mng","as","mnt","🇲🇳","Mongolia"
"mo","853","Macao","mo","mac","as","mop","🇲🇴","Macau RAE da China"
"mp","1670","Saipan","mp","mnp","oc","usd","🇲🇵","Illas Marianas do Norte"
"mq","596","Fort-de-France","mq","mtq","na","eur","🇲🇶","Martinica"
"mr","222","Nouakchott","mr","mrt","af","mro","🇲🇷","Mauritania"
"ms","1664","Plymouth","ms","msr","na","xcd","🇲🇸","Montserrat"
"mt","356","Valletta","mt","mlt","eu","eur","🇲🇹","Malta"
"mu","230","Port Louis","mu","mus","af","mur","🇲🇺","Mauricio"
"mv","960","Male","mv","mdv","as","mvr","🇲🇻","Maldivas"
"mw","265","Lilongwe","mw","mwi","af","mwk","🇲🇼","Malawi"
"mx","52","Mexico City","mx","mex","na","mxn","🇲🇽","México"
"my","60","Kuala Lumpur","my","mys","as","myr","🇲🇾","Malaisia"
"mz","258","Maputo","mz","moz","af","mzn","🇲🇿","Mozambique"
"na","264","Windhoek","na","nam","af","nad","🇳🇦","Namibia"
"nc","687","Noumea","nc","ncl","oc","xpf","🇳🇨","Nova Caledonia"
"ne","227","Niamey","ne","ner","af","xof","🇳🇪","Níxer"
"nf","672","Kingston","nf","nfk","oc","aud","🇳🇫","Illa Norfolk"
"ng","234","Abuja","ng","nga","af","ngn","🇳🇬","Nixeria"
"ni","505","Managua","ni","nic","na","nio","🇳🇮","Nicaragua"
"nl","31","Amsterdam","nl","nld","eu","eur","🇳🇱","Países Baixos"
"no","47","Oslo","no","nor","eu","nok","🇳🇴","Noruega"
"np","977","Kathmandu","np","npl","as","npr","🇳🇵","Nepal"
"nr","674","Yaren","nr","nru","oc","aud","🇳🇷","Nauru"
"nu","683","Alofi","nu","niu","oc","nzd","🇳🇺","Niue"
"nz","64","Wellington","nz","nzl","oc","nzd","🇳🇿","Nova Zelandia"
"om","968","Muscat","om","omn","as","omr","🇴🇲","Omán"
"pa","507","Panama City","pa","pan","na","pab","🇵🇦","Panamá"
"pe","51","Lima","pe","per","sa","pen","🇵🇪","O Perú"
"pf","689","Papeete","pf","pyf","oc","xpf","🇵🇫","A Polinesia Francesa"
"pg","675","Port Moresby","pg","png","oc","pgk","🇵🇬","Papúa-Nova Guinea"
"ph","63","Manila","ph","phl","as","php","🇵🇭","Filipinas"
"pk","92","Islamabad","pk","pak","as","pkr","🇵🇰","Paquistán"
"pl","48","Warsaw","pl","pol","eu","pln","🇵🇱","Polonia"
"pm","508","Saint-Pierre","pm","spm","na","eur","🇵🇲","Saint Pierre et Miquelon"
"pn","870","Adamstown","pn","pcn","oc","nzd","🇵🇳","Illas Pitcairn"
"pr","1787","San Juan","pr","pri","na","usd","🇵🇷","Porto Rico"
"ps","970","East Jerusalem","ps","pse","as","ils","🇵🇸","Territorios Palestinos"
"pt","351","Lisbon","pt","prt","eu","eur","🇵🇹","Portugal"
"pw","680","Melekeok","pw","plw","oc","usd","🇵🇼","Palau"
"py","595","Asuncion","py","pry","sa","pyg","🇵🇾","O Paraguai"
"qa","974","Doha","qa","qat","as","qar","🇶🇦","Qatar"
"re","262","Saint-Denis","re","reu","af","eur","🇷🇪","Reunión"
"ro","40","Bucharest","ro","rou","eu","ron","🇷🇴","Romanía"
"rs","381","Belgrade","rs","srb","eu","rsd","🇷🇸","Serbia"
"ru","7","Moscow","ru","rus","eu","rub","🇷🇺","Rusia"
"rw","250","Kigali","rw","rwa","af","rwf","🇷🇼","Ruanda"
"sa","966","Riyadh","sa","sau","as","sar","🇸🇦","Arabia Saudita"
"sb","677","Honiara","sb","slb","oc","sbd","🇸🇧","Illas Salomón"
"sc","248","Victoria","sc","syc","af","scr","🇸🇨","Seychelles"
"sd","249","Khartoum","sd","sdn","af","sdg","🇸🇩","O Sudán"
"se","46","Stockholm","se","swe","eu","sek","🇸🇪","Suecia"
"sg","65","Singapur","sg","sgp","as","sgd","🇸🇬","Singapur"
"sh","290","Jamestown","sh","shn","af","shp","🇸🇭","Santa Helena"
"si","386","Ljubljana","si","svn","eu","eur","🇸🇮","Eslovenia"
"sj","47","Longyearbyen","sj","sjm","eu","nok","🇸🇯","Svalbard e Jan Mayen"
"sk","421","Bratislava","sk","svk","eu","eur","🇸🇰","Eslovaquia"
"sl","232","Freetown","sl","sle","af","sll","🇸🇱","Serra Leoa"
"sm","378","San Marino","sm","smr","eu","eur","🇸🇲","San Marino"
"sn","221","Dakar","sn","sen","af","xof","🇸🇳","Senegal"
"so","252","Mogadishu","so","som","af","sos","🇸🇴","Somalia"
"sr","597","Paramaribo","sr","sur","sa","srd","🇸🇷","Suriname"
"ss","211","Juba","ss","ssd","af","ssp","🇸🇸","O Sudán do Sur"
"st","239","Sao Tome","st","stp","af","std","🇸🇹","San Tomé e Príncipe"
"sv","503","San Salvador","sv","slv","na","usd","🇸🇻","O Salvador"
"sx","599","Philipsburg","sx","sxm","na","ang","🇸🇽","Sint Maarten"
"sy","963","Damascus","sy","syr","as","syp","🇸🇾","Siria"
"sz","268","Mbabane","sz","swz","af","szl","🇸🇿","Eswatini"
"tc","1649","Cockburn Town","tc","tca","na","usd","🇹🇨","Illas Turks e Caicos"
"td","235","N'Djamena","td","tcd","af","xaf","🇹🇩","Chad"
"tf","","Port-aux-Francais","tf","atf","an","eur","🇹🇫","Territorios Austrais Franceses"
"tg","228","Lome","tg","tgo","af","xof","🇹🇬","Togo"
"th","66","Bangkok","th","tha","as","thb","🇹🇭","Tailandia"
"tj","992","Dushanbe","tj","tjk","as","tjs","🇹🇯","Taxiquistán"
"tk","690","","tk","tkl","oc","nzd","🇹🇰","Tokelau"
"tl","670","Dili","tl","tls","oc","usd","🇹🇱","Timor Leste"
"tm","993","Ashgabat","tm","tkm","as","tmt","🇹🇲","Turkmenistán"
"tn","216","Tunis","tn","tun","af","tnd","🇹🇳","Tunisia"
"to","676","Nuku'alofa","to","ton","oc","top","🇹🇴","Tonga"
"tr","90","Ankara","tr","tur","as","try","🇹🇷","Turquía"
"tt","1868","Port of Spain","tt","tto","na","ttd","🇹🇹","Trinidad e Tobago"
"tv","688","Funafuti","tv","tuv","oc","aud","🇹🇻","Tuvalu"
"tw","886","Taipei","tw","twn","as","twd","🇹🇼","Taiwán"
"tz","255","Dodoma","tz","tza","af","tzs","🇹🇿","Tanzania"
"ua","380","Kiev","ua","ukr","eu","uah","🇺🇦","Ucraína"
"ug","256","Kampala","ug","uga","af","ugx","🇺🇬","Uganda"
"um","246","","um","umi","oc","usd","🇺🇲","Illas Menores Distantes dos Estados Unidos"
"us","1","Washington","us","usa","na","usd","🇺🇸","Os Estados Unidos"
"uy","598","Montevideo","uy","ury","sa","uyu","🇺🇾","O Uruguai"
"uz","998","Tashkent","uz","uzb","as","uzs","🇺🇿","Uzbekistán"
"va","379","Vatican City","va","vat","eu","eur","🇻🇦","Cidade do Vaticano"
"vc","1784","Kingstown","vc","vct","na","xcd","🇻🇨","San Vicente e As Granadinas"
"ve","58","Caracas","ve","ven","sa","vef","🇻🇪","Venezuela"
"vg","1284","Road Town","vg","vgb","na","usd","🇻🇬","Illas Virxes Británicas"
"vi","1340","Charlotte Amalie","vi","vir","na","usd","🇻🇮","Illas Virxes Estadounidenses"
"vn","84","Hanoi","vn","vnm","as","vnd","🇻🇳","Vietnam"
"vu","678","Port Vila","vu","vut","oc","vuv","🇻🇺","Vanuatu"
"wf","681","Mata Utu","wf","wlf","oc","xpf","🇼🇫","Wallis e Futuna"
"ws","685","Apia","ws","wsm","oc","wst","🇼🇸","Samoa"
"xk","383","Pristina","xk","xkx","eu","eur","🇽🇰","Kosovo"
"ye","967","Sanaa","ye","yem","as","yer","🇾🇪","O Iemen"
"yt","262","Mamoudzou","yt","myt","af","eur","🇾🇹","Mayotte"
"za","27","Pretoria","za","zaf","af","zar","🇿🇦","Suráfrica"
"zm","260","Lusaka","zm","zmb","af","zmk","🇿🇲","Zambia"
"zw","263","Harare","zw","zwe","af","zwl","🇿🇼","Zimbabwe"
